﻿<?xml version="1.0" encoding="UTF-8" standalone="yes"?>


<addon id="repository.allonz" 
		name="AllonZ's Repo" 
		version="0.0.1" 
		provider-name="AllonZ">
	<extension point="xbmc.addon.repository" 
	name="AllonZ's Repo">
		<info compressed="false">https://archive.org/download/allonzsrepo/addons.xml</info>
		<checksum>https://archive.org/download/allonzsrepo/addons.xml.md5</checksum>
		<datadir zip="true">https://archive.org/download/allonzsrepo</datadir>
	</extension>
	<extension point="xbmc.addon.metadata">
		<summary> AllonZ's Repo</summary>
		<description>AllonZ's Repo
		
		v.ht/allonz</description>
		<disclaimer>I didn't do it</disclaimer>
		<news>v0.0.1  (2017-12-11)
- Still trying to make repo installs not fail</news>
		<platform>all</platform>
		<language>en</language>
		<license>GNU GENERAL PUBLIC LICENSE. Version 3, 29 June 2007</license>
		<forum></forum>
		<website>http://v.ht/allonz</website>
		<source>https://archive.org/download/allonzsrepo</source>
		<email>allonz@protonmail.com</email>
		<assets>
			<icon>icon.png</icon>
		</assets>
	</extension>
</addon>
