<?xml version="1.0" encoding="UTF-8" standalone="yes"?>
<addon id="repository.midraal" name="Midraal's repo" version="0.0.2" provider-name="Midraal">
	<extension point="xbmc.addon.repository" name="Midraal's repo">
		<dir>
			<info compressed="false">https://raw.githubusercontent.com/noobsandnerds/modules4all/master/zips/addons.xml</info>
			<checksum>https://raw.githubusercontent.com/noobsandnerds/modules4all/master/zips/addons.xml.md5</checksum>
			<datadir zip="true">https://raw.githubusercontent.com/noobsandnerds/modules4all/master/zips/</datadir>
		</dir>
		<info compressed="false">https://raw.githubusercontent.com/midraal/repository.midraal/master/zips/addons.xml</info>
		<checksum>https://raw.githubusercontent.com/midraal/repository.midraal/master/zips/addons.xml.md5</checksum>
		<datadir zip="true">https://raw.githubusercontent.com/midraal/repository.midraal/master/zips/</datadir>
	</extension>
	<extension point="xbmc.addon.metadata">
		<summary lang="en">my test repo</summary>
		<description lang="en">here be dragons</description>
		<genre></genre>
	</extension>
</addon>
